Golden "../../../goldens/activities/activity_detail_dark_1440.png"	Pixel test failed, 0.24%, 3068px
Golden "../../../goldens/activities/activity_detail_light_375.png"	Pixel test failed, 0.06%, 194px
Golden "../../../goldens/activities/activity_directory_bug_open_light_1440.png"	Pixel test failed, 0.24%, 3055px
Golden "../../../goldens/activities/activity_directory_card_hover_light_1440.png"	Pixel test failed, 0.24%, 3058px
Golden "../../../goldens/activities/activity_directory_cards_dark_1024.png"	Pixel test failed, 0.02%, 194px
Golden "../../../goldens/activities/activity_directory_cards_dark_1440.png"	Pixel test failed, 0.24%, 3068px
Golden "../../../goldens/activities/activity_directory_cards_dark_375.png"	Pixel test failed, 0.06%, 194px
Golden "../../../goldens/activities/activity_directory_cards_dark_768.png"	Pixel test failed, 0.03%, 194px
Golden "../../../goldens/activities/activity_directory_cards_light_1024.png"	Pixel test failed, 0.02%, 194px
Golden "../../../goldens/activities/activity_directory_cards_light_1440.png"	Pixel test failed, 0.24%, 3058px
Golden "../../../goldens/activities/activity_directory_cards_light_375.png"	Pixel test failed, 0.06%, 194px
Golden "../../../goldens/activities/activity_directory_cards_light_768.png"	Pixel test failed, 0.03%, 194px
Golden "../../../goldens/activities/activity_directory_filter_open_light_1440.png"	Pixel test failed, 0.24%, 3058px
Golden "../../../goldens/activities/activity_directory_models_light_1440.png"	Pixel test failed, 0.43%, 5517px
Golden "../../../goldens/activities/activity_directory_pagination_open_light_1440.png"	Pixel test failed, 0.24%, 3058px
Golden "../../../goldens/activities/activity_directory_profile_open_light_1440.png"	Pixel test failed, 0.59%, 7708px
Golden "../../../goldens/activities/activity_directory_table_dark_1024.png"	Pixel test failed, 0.02%, 194px
Golden "../../../goldens/activities/activity_directory_table_dark_1440.png"	Pixel test failed, 0.24%, 3068px
Golden "../../../goldens/activities/activity_directory_table_dark_375.png"	Pixel test failed, 0.06%, 194px
Golden "../../../goldens/activities/activity_directory_table_dark_768.png"	Pixel test failed, 0.03%, 194px
Golden "../../../goldens/activities/activity_directory_table_light_1024.png"	Pixel test failed, 0.02%, 194px
Golden "../../../goldens/activities/activity_directory_table_light_1440.png"	Pixel test failed, 0.24%, 3058px
Golden "../../../goldens/activities/activity_directory_table_light_375.png"	Pixel test failed, 0.06%, 194px
Golden "../../../goldens/activities/activity_directory_table_light_768.png"	Pixel test failed, 0.03%, 194px
Golden "../../../goldens/activities/activity_directory_table_row_hover_light_1440.png"	Pixel test failed, 0.24%, 3058px
Golden "../../../goldens/activities/activity_directory_text_200_light_375.png"	Pixel test failed, 0.06%, 194px
Golden "../../../goldens/activities/activity_directory_tour_open_light_1440.png"	Pixel test failed, 0.24%, 3058px
Golden "../../../goldens/activities/activity_form_create_light_375.png"	Pixel test failed, 0.06%, 194px
Golden "../../../goldens/activities/activity_form_edit_dark_1440.png"	Pixel test failed, 0.21%, 3068px
Golden "../../../goldens/activities/activity_form_location_dialog_light_375.png"	Pixel test failed, 0.06%, 194px
Golden "../../../goldens/activities/activity_form_professionals_dark_1440.png"	Pixel test failed, 0.21%, 3068px
Golden "../../../goldens/groups/group_directory_bug_open_light_1440.png"	Pixel test failed, 0.24%, 3055px
Golden "../../../goldens/groups/group_directory_card_hover_light_1440.png"	Pixel test failed, 0.24%, 3058px
Golden "../../../goldens/groups/group_directory_cards_dark_1024.png"	Pixel test failed, 0.02%, 194px
Golden "../../../goldens/groups/group_directory_cards_dark_1440.png"	Pixel test failed, 0.24%, 3068px
Golden "../../../goldens/groups/group_directory_cards_dark_375.png"	Pixel test failed, 0.06%, 194px
Golden "../../../goldens/groups/group_directory_cards_dark_768.png"	Pixel test failed, 0.03%, 194px
Golden "../../../goldens/groups/group_directory_cards_light_1024.png"	Pixel test failed, 0.02%, 194px
Golden "../../../goldens/groups/group_directory_cards_light_1440.png"	Pixel test failed, 0.24%, 3058px
Golden "../../../goldens/groups/group_directory_cards_light_375.png"	Pixel test failed, 0.06%, 194px
Golden "../../../goldens/groups/group_directory_cards_light_768.png"	Pixel test failed, 0.03%, 194px
Golden "../../../goldens/groups/group_directory_create_banner_focus_light_1440.png"	Pixel test failed, 0.24%, 3058px
Golden "../../../goldens/groups/group_directory_create_card_hover_light_1440.png"	Pixel test failed, 0.24%, 3058px
Golden "../../../goldens/groups/group_directory_empty_light_1440.png"	Pixel test failed, 0.24%, 3058px
Golden "../../../goldens/groups/group_directory_failure_light_1440.png"	Pixel test failed, 0.24%, 3058px
Golden "../../../goldens/groups/group_directory_filter_selected_light_1440.png"	Pixel test failed, 0.24%, 3058px
Golden "../../../goldens/groups/group_directory_institution_filter_open_light_1440.png"	Pixel test failed, 0.24%, 3058px
Golden "../../../goldens/groups/group_directory_loading_light_1440.png"	Pixel test failed, 0.24%, 3058px
Golden "../../../goldens/groups/group_directory_no_results_light_1440.png"	Pixel test failed, 0.24%, 3058px
Golden "../../../goldens/groups/group_directory_pagination_page_size_open_light_1440.png"	Pixel test failed, 0.24%, 3058px
Golden "../../../goldens/groups/group_directory_profile_open_light_1440.png"	Pixel test failed, 0.59%, 7708px
Golden "../../../goldens/groups/group_directory_table_dark_1024.png"	Pixel test failed, 0.02%, 194px
Golden "../../../goldens/groups/group_directory_table_dark_1440.png"	Pixel test failed, 0.24%, 3068px
Golden "../../../goldens/groups/group_directory_table_dark_375.png"	Pixel test failed, 0.06%, 194px
Golden "../../../goldens/groups/group_directory_table_dark_768.png"	Pixel test failed, 0.03%, 194px
Golden "../../../goldens/groups/group_directory_table_light_1024.png"	Pixel test failed, 0.02%, 194px
Golden "../../../goldens/groups/group_directory_table_light_1440.png"	Pixel test failed, 0.24%, 3058px
Golden "../../../goldens/groups/group_directory_table_light_375.png"	Pixel test failed, 0.06%, 194px
Golden "../../../goldens/groups/group_directory_table_light_768.png"	Pixel test failed, 0.03%, 194px
Golden "../../../goldens/groups/group_directory_table_row_hover_light_1440.png"	Pixel test failed, 0.24%, 3058px
Golden "../../../goldens/groups/group_directory_tour_open_light_1440.png"	Pixel test failed, 0.24%, 3058px
Golden "../../../goldens/groups/group_directory_unauthorized_light_1440.png"	Pixel test failed, 0.24%, 3058px
Golden "../../../goldens/groups/group_form_create_light_375.png"	Pixel test failed, 0.06%, 194px
Golden "../../../goldens/groups/group_form_edit_dark_1440.png"	Pixel test failed, 0.24%, 3068px
Golden "../../../goldens/groups/group_form_members_dark_1440.png"	Pixel test failed, 1.13%, 14630px
Golden "../../../goldens/health_care/medication_directory_desktop_dark.png"	Pixel test failed, 0.24%, 3068px
Golden "../../../goldens/health_care/medication_directory_mobile_light.png"	Pixel test failed, 0.06%, 194px
Golden "../../../goldens/health_care/medication_form_desktop_dark.png"	Pixel test failed, 0.24%, 3068px
Golden "../../../goldens/health_care/medication_form_mobile_light.png"	Pixel test failed, 0.06%, 194px
Golden "../../../goldens/health_care/profile_directory_card_hover_light_1440.png"	Pixel test failed, 0.24%, 3058px
Golden "../../../goldens/health_care/profile_directory_desktop_dark.png"	Pixel test failed, 0.24%, 3068px
Golden "../../../goldens/health_care/profile_directory_files_open_light_1440.png"	Pixel test failed, 0.24%, 3058px
Golden "../../../goldens/health_care/profile_directory_mobile_light.png"	Pixel test failed, 0.06%, 194px
Golden "../../../goldens/health_care/profile_directory_table_light_1440.png"	Pixel test failed, 0.24%, 3058px
Golden "../../../goldens/health_care/profile_directory_tabs_selected_light_1440.png"	Pixel test failed, 0.24%, 3058px
Golden "../../../goldens/health_care/profile_form_desktop_dark.png"	Pixel test failed, 0.24%, 3068px
Golden "../../../goldens/health_care/profile_form_mobile_light.png"	Pixel test failed, 0.06%, 194px
Golden "../../../goldens/people/person_directory_cards_light_1024.png"	Pixel test failed, 0.02%, 194px
Golden "../../../goldens/people/person_directory_cards_light_1440.png"	Pixel test failed, 0.24%, 3058px
Golden "../../../goldens/people/person_directory_cards_light_375.png"	Pixel test failed, 0.06%, 194px
Golden "../../../goldens/people/person_directory_cards_light_768.png"	Pixel test failed, 0.03%, 194px
Golden "../../../goldens/people/person_directory_table_dark_1024.png"	Pixel test failed, 0.02%, 194px
Golden "../../../goldens/people/person_directory_table_dark_1440.png"	Pixel test failed, 0.24%, 3068px
Golden "../../../goldens/people/person_directory_table_dark_375.png"	Pixel test failed, 0.06%, 194px
Golden "../../../goldens/people/person_directory_table_dark_768.png"	Pixel test failed, 0.03%, 194px
Golden "../../../goldens/people/person_form_create_light_375.png"	Pixel test failed, 0.06%, 194px
Golden "../../../goldens/people/person_form_edit_dark_1440.png"	Pixel test failed, 0.24%, 3068px
Golden "goldens/agenda_approvals_dark_1440.png"	Pixel test failed, 16.65%, 287719px
Golden "goldens/agenda_approvals_dark_768.png"	Pixel test failed, 20.16%, 185821px
Golden "goldens/agenda_approvals_light_1440.png"	Pixel test failed, 16.64%, 287507px
Golden "goldens/agenda_approvals_light_768.png"	Pixel test failed, 20.16%, 185794px
Golden "goldens/agenda_calendar_dark_1440.png"	Pixel test failed, 1.64%, 28413px
Golden "goldens/agenda_calendar_dark_375.png"	Pixel test failed, 0.04%, 194px
Golden "goldens/agenda_calendar_dark_768.png"	Pixel test failed, 0.02%, 194px
Golden "goldens/agenda_calendar_light_1440.png"	Pixel test failed, 1.64%, 28275px
Golden "goldens/agenda_calendar_light_375.png"	Pixel test failed, 0.04%, 194px
Golden "goldens/agenda_calendar_light_768.png"	Pixel test failed, 0.02%, 194px
Golden "goldens/agenda_list_dark_1440.png"	Pixel test failed, 1.64%, 28413px
Golden "goldens/agenda_list_dark_375.png"	Pixel test failed, 0.04%, 194px
Golden "goldens/agenda_list_dark_768.png"	Pixel test failed, 0.02%, 194px
Golden "goldens/agenda_list_light_1440.png"	Pixel test failed, 1.64%, 28275px
Golden "goldens/agenda_list_light_375.png"	Pixel test failed, 0.04%, 194px
Golden "goldens/agenda_list_light_768.png"	Pixel test failed, 0.02%, 194px
Golden "goldens/attendance_call_compact_start_dark_375.png"	Pixel test failed, 0.06%, 194px
Golden "goldens/attendance_call_compact_start_light_375.png"	Pixel test failed, 0.06%, 194px
Golden "goldens/attendance_new_call_context_light_375.png"	Pixel test failed, 7.11%, 24002px
Golden "goldens/attendance_new_call_marking_dark_1440.png"	Pixel test failed, 1.43%, 18518px
Golden "goldens/audit_directory_desktop_dark_1440.png"	Pixel test failed, 0.82%, 10687px
Golden "goldens/audit_directory_desktop_light_1024.png"	Pixel test failed, 0.17%, 1527px
Golden "goldens/audit_directory_empty_light_1440.png"	Pixel test failed, 0.34%, 4391px
Golden "goldens/audit_directory_failure_light_1440.png"	Pixel test failed, 0.34%, 4391px
Golden "goldens/audit_directory_mobile_light_375.png"	Pixel test failed, 0.46%, 1564px
Golden "goldens/audit_directory_tablet_dark_768.png"	Pixel test failed, 1.13%, 7813px
Golden "goldens/circular_composer_dark_1024.png"	Pixel test failed, 16.92%, 173268px
Golden "goldens/circular_composer_dark_1440.png"	Pixel test failed, 15.31%, 220401px
Golden "goldens/circular_composer_dark_1440.png"	Pixel test failed, 25.94%, 410968px
Golden "goldens/circular_composer_dark_375.png"	Pixel test failed, 22.48%, 84316px
Golden "goldens/circular_composer_dark_375.png"	Pixel test failed, 25.21%, 124771px
Golden "goldens/circular_composer_dark_768.png"	Pixel test failed, 27.53%, 211407px
Golden "goldens/circular_composer_light_1024.png"	Pixel test failed, 12.50%, 127970px
Golden "goldens/circular_composer_light_1440.png"	Pixel test failed, 11.08%, 159576px
Golden "goldens/circular_composer_light_1440.png"	Pixel test failed, 25.93%, 410773px
Golden "goldens/circular_composer_light_1440_text_200.png"	Pixel test failed, 3.01%, 47753px
Golden "goldens/circular_composer_light_1440_text_200.png"	Pixel test failed, 8.96%, 154790px
Golden "goldens/circular_composer_light_375.png"	Pixel test failed, 19.31%, 72407px
Golden "goldens/circular_composer_light_375.png"	Pixel test failed, 21.25%, 105167px
Golden "goldens/circular_composer_light_375_text_200.png"	Pixel test failed, 16.49%, 74189px
Golden "goldens/circular_composer_light_375_text_200.png"	Pixel test failed, 5.71%, 28249px
Golden "goldens/circular_composer_light_768.png"	Pixel test failed, 19.88%, 152694px
Golden "goldens/circular_directory_dark_1024.png"	Pixel test failed, 1.24%, 11448px
Golden "goldens/circular_directory_dark_1440.png"	Pixel test failed, 0.88%, 11448px
Golden "goldens/circular_directory_dark_375.png"	Pixel test failed, 3.39%, 11448px
Golden "goldens/circular_directory_dark_768.png"	Pixel test failed, 1.66%, 11448px
Golden "goldens/circular_directory_light_1024.png"	Pixel test failed, 0.17%, 1600px
Golden "goldens/circular_directory_light_1440.png"	Pixel test failed, 0.12%, 1600px
Golden "goldens/circular_directory_light_375.png"	Pixel test failed, 0.47%, 1600px
Golden "goldens/circular_directory_light_768.png"	Pixel test failed, 0.23%, 1600px
Golden "goldens/circular_directory_text_200_1440.png"	Pixel test failed, 13.55%, 214674px
Golden "goldens/circular_directory_text_200_375.png"	Pixel test failed, 21.33%, 87988px
Golden "goldens/communication_directory_dark_1024.png"	Pixel test failed, 1.14%, 10487px
Golden "goldens/communication_directory_dark_1440.png"	Pixel test failed, 0.81%, 10487px
Golden "goldens/communication_directory_dark_375.png"	Pixel test failed, 3.11%, 10487px
Golden "goldens/communication_directory_dark_768.png"	Pixel test failed, 1.52%, 10487px
Golden "goldens/communication_directory_empty_light_375_v4_22.png"	Pixel test failed, 0.43%, 1450px
Golden "goldens/communication_directory_error_dark_1440_v4_22.png"	Pixel test failed, 0.81%, 10487px
Golden "goldens/communication_directory_light_1024.png"	Pixel test failed, 0.16%, 1450px
Golden "goldens/communication_directory_light_1440.png"	Pixel test failed, 0.11%, 1450px
Golden "goldens/communication_directory_light_375.png"	Pixel test failed, 0.43%, 1450px
Golden "goldens/communication_directory_light_768.png"	Pixel test failed, 0.21%, 1450px
Golden "goldens/communication_directory_no_results_light_375_v4_22.png"	Pixel test failed, 0.43%, 1450px
Golden "goldens/communication_directory_text_200_1440.png"	Pixel test failed, 14.36%, 227480px
Golden "goldens/communication_directory_text_200_375.png"	Pixel test failed, 19.97%, 82376px
Golden "goldens/form_response_light_375.png"	Pixel test failed, 0.05%, 194px
Golden "goldens/forms_editor_catalog_groups_light_1440.png"	Pixel test failed, 3.27%, 42436px
Golden "goldens/forms_editor_catalog_light_1440.png"	Pixel test failed, 3.27%, 42436px
Golden "goldens/forms_editor_dark_1024.png"	Pixel test failed, 5.41%, 49824px
Golden "goldens/forms_editor_dark_1440.png"	Pixel test failed, 4.07%, 52698px
Golden "goldens/forms_editor_dark_1440_text_200.png"	Pixel test failed, 6.70%, 96465px
Golden "goldens/forms_editor_dark_375.png"	Pixel test failed, 0.06%, 194px
Golden "goldens/forms_editor_dark_768.png"	Pixel test failed, 3.78%, 26142px
Golden "goldens/forms_editor_date_range_light_1440.png"	Pixel test failed, 4.06%, 52558px
Golden "goldens/forms_editor_light_1024.png"	Pixel test failed, 5.39%, 49694px
Golden "goldens/forms_editor_light_1440.png"	Pixel test failed, 4.06%, 52558px
Golden "goldens/forms_editor_light_375.png"	Pixel test failed, 0.06%, 194px
Golden "goldens/forms_editor_light_375_text_200.png"	Pixel test failed, 0.05%, 194px
Golden "goldens/forms_editor_light_768.png"	Pixel test failed, 3.78%, 26142px
Golden "goldens/forms_editor_preview_light_1440.png"	Pixel test failed, 4.06%, 52558px
Golden "goldens/forms_operations_monitor_light_375.png"	Pixel test failed, 0.05%, 194px
Golden "goldens/group_detail_dark_1440_focus.png"	Pixel test failed, 0.24%, 3068px
Golden "goldens/group_detail_dark_1440_ready.png"	Pixel test failed, 0.24%, 3068px
Golden "goldens/group_detail_dark_1440_reload.png"	Pixel test failed, 0.24%, 3068px
Golden "goldens/group_detail_light_375_focus.png"	Pixel test failed, 0.06%, 194px
Golden "goldens/group_detail_light_375_ready.png"	Pixel test failed, 0.06%, 194px
Golden "goldens/group_detail_light_375_reload.png"	Pixel test failed, 0.06%, 194px
Golden "goldens/help_center_empty_dark_375.png"	Pixel test failed, 0.06%, 194px
Golden "goldens/help_center_empty_light_1440.png"	Pixel test failed, 0.24%, 3058px
Golden "goldens/import_hub_directory_dark_1024.png"	Pixel test failed, 0.02%, 194px
Golden "goldens/import_hub_directory_dark_1440.png"	Pixel test failed, 0.24%, 3068px
Golden "goldens/import_hub_directory_dark_375.png"	Pixel test failed, 0.06%, 194px
Golden "goldens/import_hub_directory_dark_768.png"	Pixel test failed, 0.03%, 194px
Golden "goldens/import_hub_directory_light_1024.png"	Pixel test failed, 0.02%, 194px
Golden "goldens/import_hub_directory_light_1440.png"	Pixel test failed, 0.24%, 3058px
Golden "goldens/import_hub_directory_light_375.png"	Pixel test failed, 0.06%, 194px
Golden "goldens/import_hub_directory_light_768.png"	Pixel test failed, 0.03%, 194px
Golden "goldens/import_hub_empty_light_375_v4_21.png"	Pixel test failed, 0.06%, 194px
Golden "goldens/import_hub_new_dialog_light_1440.png"	Pixel test failed, 0.24%, 3049px
Golden "goldens/import_hub_no_results_light_375_v4_21.png"	Pixel test failed, 0.06%, 194px
Golden "goldens/import_hub_unauthorized_dark_1440_v4_21.png"	Pixel test failed, 0.24%, 3068px
Golden "goldens/import_hub_unavailable_dark_1440.png"	Pixel test failed, 0.24%, 3068px
Golden "goldens/import_hub_wizard_unavailable_light_1440_200.png"	Pixel test failed, 0.44%, 5750px
Golden "goldens/institution_directory_card_hover_light_1440.png"	Pixel test failed, 0.24%, 3058px
Golden "goldens/institution_directory_cards_dark_1024.png"	Pixel test failed, 0.02%, 194px
Golden "goldens/institution_directory_cards_dark_1440.png"	Pixel test failed, 0.24%, 3068px
Golden "goldens/institution_directory_cards_dark_375.png"	Pixel test failed, 0.06%, 194px
Golden "goldens/institution_directory_cards_dark_768.png"	Pixel test failed, 0.03%, 194px
Golden "goldens/institution_directory_cards_light_1024.png"	Pixel test failed, 0.02%, 194px
Golden "goldens/institution_directory_cards_light_1440.png"	Pixel test failed, 0.24%, 3058px
Golden "goldens/institution_directory_cards_light_375.png"	Pixel test failed, 0.06%, 194px
Golden "goldens/institution_directory_cards_light_768.png"	Pixel test failed, 0.03%, 194px
Golden "goldens/institution_directory_collapsed_flyout_hover_light_1024.png"	Pixel test failed, 0.33%, 3058px
Golden "goldens/institution_directory_empty_light_1440.png"	Pixel test failed, 0.24%, 3058px
Golden "goldens/institution_directory_failure_light_1440.png"	Pixel test failed, 0.24%, 3058px
Golden "goldens/institution_directory_files_hover_light_1440.png"	Pixel test failed, 0.24%, 3058px
Golden "goldens/institution_directory_filter_option_hover_light_1440.png"	Pixel test failed, 0.24%, 3058px
Golden "goldens/institution_directory_filter_selected_light_1440.png"	Pixel test failed, 0.24%, 3058px
Golden "goldens/institution_directory_loading_light_1440.png"	Pixel test failed, 0.24%, 3058px
Golden "goldens/institution_directory_logout_hover_light_1440.png"	Pixel test failed, 0.67%, 8664px
Golden "goldens/institution_directory_no_results_light_1440.png"	Pixel test failed, 0.24%, 3058px
Golden "goldens/institution_directory_pagination_disabled_light_1440.png"	Pixel test failed, 0.24%, 3058px
Golden "goldens/institution_directory_pagination_page_size_open_light_1440.png"	Pixel test failed, 0.24%, 3058px
Golden "goldens/institution_directory_search_focus_light_1440.png"	Pixel test failed, 0.24%, 3058px
Golden "goldens/institution_directory_status_expanded_light_1440.png"	Pixel test failed, 0.24%, 3058px
Golden "goldens/institution_directory_status_tabs_light_1440.png"	Pixel test failed, 0.24%, 3058px
Golden "goldens/institution_directory_table_dark_1024.png"	Pixel test failed, 0.02%, 194px
Golden "goldens/institution_directory_table_dark_1440.png"	Pixel test failed, 0.24%, 3068px
Golden "goldens/institution_directory_table_dark_375.png"	Pixel test failed, 0.06%, 194px
Golden "goldens/institution_directory_table_dark_768.png"	Pixel test failed, 0.03%, 194px
Golden "goldens/institution_directory_table_flyout_open_light_1440.png"	Pixel test failed, 0.24%, 3058px
Golden "goldens/institution_directory_table_light_1024.png"	Pixel test failed, 0.02%, 194px
Golden "goldens/institution_directory_table_light_1440.png"	Pixel test failed, 0.24%, 3058px
Golden "goldens/institution_directory_table_light_375.png"	Pixel test failed, 0.06%, 194px
Golden "goldens/institution_directory_table_light_768.png"	Pixel test failed, 0.03%, 194px
Golden "goldens/institution_directory_table_row_hover_light_1440.png"	Pixel test failed, 0.24%, 3058px
Golden "goldens/institution_directory_unauthorized_light_1440.png"	Pixel test failed, 0.24%, 3058px
Golden "goldens/institution_form_bio_light_1440.png"	Pixel test failed, 0.24%, 3058px
Golden "goldens/institution_form_create_light_375.png"	Pixel test failed, 0.06%, 194px
Golden "goldens/institution_form_edit_dark_1440.png"	Pixel test failed, 0.24%, 3068px
Golden "goldens/institution_form_identity_unavailable_light_1440.png"	Pixel test failed, 0.24%, 3058px
Golden "goldens/invite_detail_desktop_dark.png"	Pixel test failed, 0.24%, 3068px
Golden "goldens/invite_detail_mobile_light.png"	Pixel test failed, 0.06%, 194px
Golden "goldens/invite_directory_desktop_dark.png"	Pixel test failed, 6.35%, 82250px
Golden "goldens/invite_directory_flyout_open_light.png"	Pixel test failed, 6.77%, 87701px
Golden "goldens/invite_directory_mobile_light.png"	Pixel test failed, 8.56%, 28892px
Golden "goldens/invite_form_desktop_dark.png"	Pixel test failed, 0.24%, 3068px
Golden "goldens/invite_form_mobile_light.png"	Pixel test failed, 0.06%, 194px
Golden "goldens/meal_plan_directory_card_hover_light_1440.png"	Pixel test failed, 0.40%, 5715px
Golden "goldens/meal_plan_directory_dark_1440.png"	Pixel test failed, 2.55%, 36724px
Golden "goldens/meal_plan_directory_flyout_light_1440.png"	Pixel test failed, 0.40%, 5715px
Golden "goldens/meal_plan_directory_light_1440.png"	Pixel test failed, 0.40%, 5715px
Golden "goldens/meal_plan_directory_light_375.png"	Pixel test failed, 1.52%, 5715px
Golden "goldens/person_detail_dark_1440_context.png"	Pixel test failed, 0.24%, 3068px
Golden "goldens/person_detail_dark_1440_denied.png"	Pixel test failed, 0.24%, 3068px
Golden "goldens/person_detail_dark_1440_focus.png"	Pixel test failed, 0.24%, 3068px
Golden "goldens/person_detail_dark_1440_identity.png"	Pixel test failed, 0.24%, 3068px
Golden "goldens/person_detail_dark_1440_loading.png"	Pixel test failed, 0.24%, 3068px
Golden "goldens/person_detail_dark_1440_unavailable.png"	Pixel test failed, 0.24%, 3068px
Golden "goldens/person_detail_light_375_context.png"	Pixel test failed, 0.06%, 194px
Golden "goldens/person_detail_light_375_denied.png"	Pixel test failed, 0.06%, 194px
Golden "goldens/person_detail_light_375_focus.png"	Pixel test failed, 0.06%, 194px
Golden "goldens/person_detail_light_375_identity.png"	Pixel test failed, 0.06%, 194px
Golden "goldens/person_detail_light_375_loading.png"	Pixel test failed, 0.06%, 194px
Golden "goldens/person_detail_light_375_unavailable.png"	Pixel test failed, 0.06%, 194px
Golden "goldens/plan_cards_dark_1024.png"	Pixel test failed, 0.43%, 3980px
Golden "goldens/plan_cards_dark_1440.png"	Pixel test failed, 0.53%, 6854px
Golden "goldens/plan_cards_dark_375.png"	Pixel test failed, 0.06%, 194px
Golden "goldens/plan_cards_dark_768.png"	Pixel test failed, 0.03%, 194px
Golden "goldens/plan_cards_light_1024.png"	Pixel test failed, 0.43%, 3980px
Golden "goldens/plan_cards_light_1440.png"	Pixel test failed, 0.53%, 6844px
Golden "goldens/plan_cards_light_375.png"	Pixel test failed, 0.06%, 194px
Golden "goldens/plan_cards_light_768.png"	Pixel test failed, 0.03%, 194px
Golden "goldens/plan_table_dark_1024.png"	Pixel test failed, 0.43%, 3980px
Golden "goldens/plan_table_dark_1440.png"	Pixel test failed, 0.53%, 6854px
Golden "goldens/plan_table_dark_375.png"	Pixel test failed, 0.06%, 194px
Golden "goldens/plan_table_dark_768.png"	Pixel test failed, 0.03%, 194px
Golden "goldens/plan_table_light_1024.png"	Pixel test failed, 0.43%, 3980px
Golden "goldens/plan_table_light_1440.png"	Pixel test failed, 0.53%, 6844px
Golden "goldens/plan_table_light_375.png"	Pixel test failed, 0.06%, 194px
Golden "goldens/plan_table_light_768.png"	Pixel test failed, 0.03%, 194px
Golden "goldens/platform_user_create_light_375.png"	Pixel test failed, 8.69%, 29325px
Golden "goldens/platform_user_detail_actions_open_dark_1440.png"	Pixel test failed, 0.24%, 3068px
Golden "goldens/platform_user_directory_card_hover_light_1440.png"	Pixel test failed, 0.24%, 3058px
Golden "goldens/platform_user_directory_cards_dark_1024.png"	Pixel test failed, 0.02%, 194px
Golden "goldens/platform_user_directory_cards_dark_1440.png"	Pixel test failed, 0.24%, 3068px
Golden "goldens/platform_user_directory_cards_dark_375.png"	Pixel test failed, 0.06%, 194px
Golden "goldens/platform_user_directory_cards_dark_768.png"	Pixel test failed, 0.03%, 194px
Golden "goldens/platform_user_directory_cards_light_1024.png"	Pixel test failed, 0.02%, 194px
Golden "goldens/platform_user_directory_cards_light_1440.png"	Pixel test failed, 0.24%, 3058px
Golden "goldens/platform_user_directory_cards_light_375.png"	Pixel test failed, 0.06%, 194px
Golden "goldens/platform_user_directory_cards_light_768.png"	Pixel test failed, 0.03%, 194px
Golden "goldens/platform_user_directory_filter_open_light_1440.png"	Pixel test failed, 0.24%, 3058px
Golden "goldens/platform_user_directory_table_dark_1024.png"	Pixel test failed, 0.02%, 194px
Golden "goldens/platform_user_directory_table_dark_1440.png"	Pixel test failed, 0.24%, 3068px
Golden "goldens/platform_user_directory_table_dark_375.png"	Pixel test failed, 0.06%, 194px
Golden "goldens/platform_user_directory_table_dark_768.png"	Pixel test failed, 0.03%, 194px
Golden "goldens/platform_user_directory_table_light_1024.png"	Pixel test failed, 0.02%, 194px
Golden "goldens/platform_user_directory_table_light_1440.png"	Pixel test failed, 0.24%, 3058px
Golden "goldens/platform_user_directory_table_light_375.png"	Pixel test failed, 0.06%, 194px
Golden "goldens/platform_user_directory_table_light_768.png"	Pixel test failed, 0.03%, 194px
Golden "goldens/platform_user_edit_dark_1440.png"	Pixel test failed, 8.64%, 112032px
Golden "goldens/platform_user_view_dark_1440.png"	Pixel test failed, 0.24%, 3068px
Golden "goldens/platform_user_view_light_375.png"	Pixel test failed, 0.06%, 194px
Golden "goldens/principal_for_you_context_open_light_768.png"	Pixel test failed, 0.02%, 1566px
Golden "goldens/principal_for_you_dark_1024.png"	Pixel test failed, 0.02%, 224px
Golden "goldens/principal_for_you_dark_1440.png"	Pixel test failed, 0.02%, 224px
Golden "goldens/principal_for_you_dark_375.png"	Pixel test failed, 0.07%, 224px
Golden "goldens/principal_for_you_dark_768.png"	Pixel test failed, 0.03%, 224px
Golden "goldens/principal_for_you_light_1024.png"	Pixel test failed, 0.02%, 224px
Golden "goldens/principal_for_you_light_1440.png"	Pixel test failed, 0.02%, 224px
Golden "goldens/principal_for_you_light_375.png"	Pixel test failed, 0.07%, 224px
Golden "goldens/principal_for_you_light_768.png"	Pixel test failed, 0.03%, 224px
Golden "goldens/principal_for_you_shortcut_hover_light_1440.png"	Pixel test failed, 0.02%, 224px
Golden "goldens/principal_for_you_text_200_dark_1440.png"	Pixel test failed, 0.01%, 224px
Golden "goldens/principal_for_you_text_200_light_375.png"	Pixel test failed, 0.05%, 224px
Golden "goldens/principal_for_you_text_200_light_768.png"	Pixel test failed, 0.03%, 224px
Golden "goldens/principal_happens_dark_1024.png"	Pixel test failed, 55.34%, 510059px
Golden "goldens/principal_happens_dark_1440.png"	Pixel test failed, 42.05%, 605551px
Golden "goldens/principal_happens_dark_375.png"	Pixel test failed, 47.39%, 159953px
Golden "goldens/principal_happens_dark_375_text_200.png"	Pixel test failed, 45.78%, 171659px
Golden "goldens/principal_happens_dark_768.png"	Pixel test failed, 53.72%, 422498px
Golden "goldens/principal_happens_light_1024.png"	Pixel test failed, 55.34%, 510037px
Golden "goldens/principal_happens_light_1440.png"	Pixel test failed, 42.05%, 605520px
Golden "goldens/principal_happens_light_375.png"	Pixel test failed, 47.38%, 159917px
Golden "goldens/principal_happens_light_768.png"	Pixel test failed, 53.72%, 422465px
Golden "goldens/principal_happens_now_hover_light_1440.png"	Pixel test failed, 42.05%, 605520px
Golden "goldens/principal_happens_publication_dark_1024.png"	Pixel test failed, 15.53%, 158976px
Golden "goldens/principal_happens_publication_dark_1440.png"	Pixel test failed, 14.21%, 204590px
Golden "goldens/principal_happens_publication_dark_1440_200.png"	Pixel test failed, 6.16%, 88771px
Golden "goldens/principal_happens_publication_dark_375.png"	Pixel test failed, 14.43%, 64927px
Golden "goldens/principal_happens_publication_dark_768.png"	Pixel test failed, 24.22%, 204590px
Golden "goldens/principal_happens_publication_light_1024.png"	Pixel test failed, 0.64%, 6551px
Golden "goldens/principal_happens_publication_light_1440.png"	Pixel test failed, 0.45%, 6430px
Golden "goldens/principal_happens_publication_light_375.png"	Pixel test failed, 1.25%, 5618px
Golden "goldens/principal_happens_publication_light_375_200.png"	Pixel test failed, 13.04%, 58667px
Golden "goldens/principal_happens_publication_light_768.png"	Pixel test failed, 0.76%, 6430px
Golden "goldens/principal_happens_publication_persisted_media_light_1440.png"	Pixel test failed, 0.34%, 4903px
Golden "goldens/principal_moments_publication_empty_light_1440.png"	Pixel test failed, 1.40%, 20155px
Golden "goldens/principal_profile_dark_1024.png"	Pixel test failed, 0.02%, 224px
Golden "goldens/principal_profile_dark_1440.png"	Pixel test failed, 0.01%, 224px
Golden "goldens/principal_profile_dark_375.png"	Pixel test failed, 0.05%, 224px
Golden "goldens/principal_profile_dark_768.png"	Pixel test failed, 0.03%, 224px
Golden "goldens/principal_profile_editorial_light_375.png"	Pixel test failed, 0.05%, 224px
Golden "goldens/principal_profile_light_1024.png"	Pixel test failed, 0.02%, 224px
Golden "goldens/principal_profile_light_1440.png"	Pixel test failed, 0.01%, 224px
Golden "goldens/principal_profile_light_375.png"	Pixel test failed, 0.05%, 224px
Golden "goldens/principal_profile_light_768.png"	Pixel test failed, 0.03%, 224px
Golden "goldens/principal_profile_moments_dark_1440.png"	Pixel test failed, 0.01%, 224px
Golden "goldens/principal_profile_text_200_dark_1440.png"	Pixel test failed, 0.01%, 224px
Golden "goldens/principal_profile_text_200_light_375.png"	Pixel test failed, 0.05%, 224px
Golden "goldens/settings_1024_dark.png"	Pixel test failed, 0.04%, 384px
Golden "goldens/settings_1440_dark.png"	Pixel test failed, 0.38%, 4869px
Golden "goldens/settings_375_light.png"	Pixel test failed, 0.11%, 384px
Golden "goldens/settings_768_light.png"	Pixel test failed, 0.06%, 384px
Golden "goldens/support_detail_dark_1024.png"	Pixel test failed, 0.02%, 194px
Golden "goldens/support_detail_dark_1440.png"	Pixel test failed, 0.24%, 3068px
Golden "goldens/support_detail_dark_375.png"	Pixel test failed, 0.06%, 194px
Golden "goldens/support_detail_dark_768.png"	Pixel test failed, 0.03%, 194px
Golden "goldens/support_detail_light_1024.png"	Pixel test failed, 0.02%, 194px
Golden "goldens/support_detail_light_1440.png"	Pixel test failed, 0.24%, 3058px
Golden "goldens/support_detail_light_375.png"	Pixel test failed, 0.06%, 194px
Golden "goldens/support_detail_light_768.png"	Pixel test failed, 0.03%, 194px
Golden "goldens/support_kanban_dark_1024.png"	Pixel test failed, 0.02%, 194px
Golden "goldens/support_kanban_dark_1440.png"	Pixel test failed, 0.24%, 3068px
Golden "goldens/support_kanban_dark_375.png"	Pixel test failed, 0.06%, 194px
Golden "goldens/support_kanban_dark_768.png"	Pixel test failed, 0.03%, 194px
Golden "goldens/support_kanban_light_1024.png"	Pixel test failed, 0.02%, 194px
Golden "goldens/support_kanban_light_1440.png"	Pixel test failed, 0.24%, 3058px
Golden "goldens/support_kanban_light_375.png"	Pixel test failed, 0.06%, 194px
Golden "goldens/support_kanban_light_375_text200.png"	Pixel test failed, 0.06%, 194px
Golden "goldens/support_kanban_light_768.png"	Pixel test failed, 0.03%, 194px
Golden "goldens/support_table_dark_1024.png"	Pixel test failed, 0.02%, 194px
Golden "goldens/support_table_dark_1440.png"	Pixel test failed, 0.24%, 3068px
Golden "goldens/support_table_dark_375.png"	Pixel test failed, 0.06%, 194px
Golden "goldens/support_table_dark_768.png"	Pixel test failed, 0.03%, 194px
Golden "goldens/support_table_light_1024.png"	Pixel test failed, 0.02%, 194px
Golden "goldens/support_table_light_1440.png"	Pixel test failed, 0.24%, 3058px
Golden "goldens/support_table_light_375.png"	Pixel test failed, 0.06%, 194px
Golden "goldens/support_table_light_768.png"	Pixel test failed, 0.03%, 194px
Golden "goldens/unit_detail_dark_1440_focus.png"	Pixel test failed, 0.24%, 3068px
Golden "goldens/unit_detail_dark_1440_ready.png"	Pixel test failed, 0.24%, 3068px
Golden "goldens/unit_detail_dark_1440_reload.png"	Pixel test failed, 0.24%, 3068px
Golden "goldens/unit_detail_light_375_focus.png"	Pixel test failed, 0.06%, 194px
Golden "goldens/unit_detail_light_375_ready.png"	Pixel test failed, 0.06%, 194px
Golden "goldens/unit_detail_light_375_reload.png"	Pixel test failed, 0.06%, 194px
Golden "goldens/unit_directory_dark_1024.png"	Pixel test failed, 0.02%, 194px
Golden "goldens/unit_directory_dark_1440.png"	Pixel test failed, 0.24%, 3068px
Golden "goldens/unit_directory_dark_375.png"	Pixel test failed, 0.06%, 194px
Golden "goldens/unit_directory_dark_768.png"	Pixel test failed, 0.03%, 194px
Golden "goldens/unit_directory_light_1024.png"	Pixel test failed, 0.02%, 194px
Golden "goldens/unit_directory_light_1440.png"	Pixel test failed, 0.24%, 3058px
Golden "goldens/unit_directory_light_375.png"	Pixel test failed, 0.06%, 194px
Golden "goldens/unit_directory_light_768.png"	Pixel test failed, 0.03%, 194px
Golden "goldens/unit_directory_table_dark_1024.png"	Pixel test failed, 0.02%, 194px
Golden "goldens/unit_directory_table_dark_1440.png"	Pixel test failed, 0.24%, 3068px
Golden "goldens/unit_directory_table_dark_375.png"	Pixel test failed, 0.06%, 194px
Golden "goldens/unit_directory_table_dark_768.png"	Pixel test failed, 0.03%, 194px
Golden "goldens/unit_directory_table_light_1024.png"	Pixel test failed, 0.02%, 194px
Golden "goldens/unit_directory_table_light_1440.png"	Pixel test failed, 0.24%, 3058px
Golden "goldens/unit_directory_table_light_375.png"	Pixel test failed, 0.06%, 194px
Golden "goldens/unit_directory_table_light_768.png"	Pixel test failed, 0.03%, 194px
Golden "goldens/unit_form_create_light_375.png"	Pixel test failed, 0.06%, 194px
Golden "goldens/unit_form_edit_dark_1440.png"	Pixel test failed, 0.24%, 3068px
