20260729141839	function	app_private.assert_people_permission
20260729141839	function	app_private.create_superadmin_person_draft
20260729141839	function	app_private.get_superadmin_person
20260729141839	function	app_private.has_active_institution_membership
20260729141839	function	app_private.list_superadmin_people
20260729141839	function	app_private.platform_permission_membership_id
20260729141839	function	app_private.superadmin_person_payload
20260729141839	function	app_private.touch_people_context_owner
20260729141839	function	app_private.update_superadmin_person
20260729141839	function	public.superadmin_people_create_draft
20260729141839	function	public.superadmin_people_detail
20260729141839	function	public.superadmin_people_filter_options
20260729141839	function	public.superadmin_people_list
20260729141839	function	public.superadmin_people_update
20260729141839	view	public.person_directory
20260729153100	function	app_private.make_ended_child_conversations_read_only
20260811225000	function	app_private.superadmin_search_activity_professionals
20260811225000	function	public.superadmin_search_activity_professionals
20260811235900	function	public.superadmin_activity_template_options
20260812000000	function	app_private.can_access_chat_conversation
20260812000000	function	app_private.chat_mark_read
20260812000000	function	app_private.chat_send_message
20260812000000	function	public.chat_inbox_page
20260812000000	function	public.chat_mark_read
20260812000000	function	public.chat_realtime_refresh
20260812000000	function	public.chat_send_message
20260812000000	function	public.chat_thread_page
20260812000000	table	app_private.chat_command_receipts
20260812000000	table	public.chat_attachment_metadata
20260812001000	function	app_private.assert_import_export_hub_actor
20260812001000	function	app_private.can_access_import_export_job
20260812001000	function	app_private.import_export_job_direction
20260812001000	function	app_private.import_export_job_domain
20260812001000	function	app_private.import_export_job_payload
20260812001000	function	app_private.superadmin_get_import_export_job
20260812001000	function	app_private.superadmin_import_export_catalog
20260812001000	function	app_private.superadmin_list_import_export_jobs
20260812001000	function	public.superadmin_get_import_export_job
20260812001000	function	public.superadmin_import_export_catalog
20260812001000	function	public.superadmin_list_import_export_jobs
20260812001950	function	app_private.can_access_import_export_job
20260812001950	function	app_private.superadmin_import_export_catalog
20260812001975	function	app_private.superadmin_confirm_import_export_job
20260812001975	function	app_private.superadmin_create_import_export_job
20260812001975	function	app_private.superadmin_import_export_upload_contract
20260812001975	function	app_private.superadmin_request_import_export
20260812001975	function	app_private.superadmin_retry_import_export_job
20260812001975	function	public.superadmin_confirm_import_export_job
20260812001975	function	public.superadmin_create_import_export_job
20260812001975	function	public.superadmin_import_export_upload_contract
20260812001975	function	public.superadmin_request_import_export
20260812001975	function	public.superadmin_retry_import_export_job
20260812002000	function	app_private.validate_child_safety_context
20260812002000	table	app_private.child_safety_command_receipts
20260812002000	table	public.child_safety_alerts
20260812002000	table	public.child_safety_evidence
20260812002000	table	public.child_safety_restrictions
20260812002000	type	public.child_safety_alert_status
20260812002000	type	public.child_safety_decision_status
20260812002000	type	public.child_safety_severity
20260812002010	function	app_private.attest_unit_import_file_retention
20260812002100	function	app_private.assert_child_safety_platform
20260812002100	function	app_private.superadmin_child_safety_directory
20260812002100	function	app_private.superadmin_child_safety_get
20260812002100	function	app_private.superadmin_child_safety_search_children
20260812002100	function	public.superadmin_child_safety_child_search
20260812002100	function	public.superadmin_child_safety_detail
20260812002100	function	public.superadmin_child_safety_directory
20260812002100	function	public.superadmin_child_safety_get
20260812002100	function	public.superadmin_child_safety_search_children
20260812002110	function	app_private.superadmin_list_import_export_jobs
20260812002110	function	public.superadmin_list_import_export_jobs
20260812002200	function	app_private.child_safety_acknowledge_alert
20260812002200	function	app_private.child_safety_add_unit_review_recipients
20260812002200	function	app_private.child_safety_can_access_object
20260812002200	function	app_private.child_safety_can_administer
20260812002200	function	app_private.child_safety_can_manage
20260812002200	function	app_private.child_safety_change_lifecycle
20260812002200	function	app_private.child_safety_decide_authorization
20260812002200	function	app_private.child_safety_edit_pending_authorization
20260812002200	function	app_private.child_safety_finalize_evidence
20260812002200	function	app_private.child_safety_get_evidence_object
20260812002200	function	app_private.child_safety_has_exact_unit_review
20260812002200	function	app_private.child_safety_receipt
20260812002200	function	app_private.child_safety_register_evidence
20260812002200	function	app_private.child_safety_request_authorization
20260812002200	function	app_private.child_safety_save_restriction
20260812002200	function	app_private.child_safety_store_receipt
20260812002200	function	app_private.superadmin_child_safety_directory
20260812002200	function	app_private.superadmin_child_safety_get
20260812002200	function	app_private.superadmin_child_safety_search_children
20260812002200	function	app_private.superadmin_get_child_safety_export
20260812002200	function	app_private.superadmin_request_child_safety_export
20260812002200	function	app_private.validate_child_safety_context
20260812002200	function	public.child_safety_acknowledge_alert
20260812002200	function	public.child_safety_change_lifecycle
20260812002200	function	public.child_safety_decide_authorization
20260812002200	function	public.child_safety_edit_pending_authorization
20260812002200	function	public.child_safety_get_evidence_object
20260812002200	function	public.child_safety_register_evidence
20260812002200	function	public.child_safety_request_authorization
20260812002200	function	public.child_safety_save_restriction
20260812002200	function	public.superadmin_child_safety_directory
20260812002200	function	public.superadmin_get_child_safety_export
20260812002200	function	public.superadmin_request_child_safety_export
20260812003000	function	app_private.append_notice_audit
20260812003000	function	app_private.assert_notice_permission
20260812003000	function	app_private.block_notice_audit_mutation
20260812003000	function	app_private.claim_notice_publication_jobs
20260812003000	function	app_private.materialize_notice_publication_job
20260812003000	function	app_private.notice_json
20260812003000	function	app_private.validate_notice_audience
20260812003000	function	public.change_notice_status_for_superadmin
20260812003000	function	public.get_notice_for_superadmin
20260812003000	function	public.list_notice_audience_options_for_superadmin
20260812003000	function	public.list_notices_for_superadmin
20260812003000	function	public.publish_notice_for_superadmin
20260812003000	function	public.save_notice_draft_for_superadmin
20260812003000	table	app_private.notice_admin_audit
20260812003000	table	app_private.notice_command_receipts
20260812003000	table	app_private.notice_publication_jobs
20260812120244	function	public.chat_realtime_refresh
20260812121146	function	app_private.chat_author_display_name
20260812121146	function	public.chat_inbox_page
20260812121146	function	public.chat_thread_page
20260812121146	function	public.chat_unread_total
20260812144500	function	app_private.superadmin_create_activity_template
20260812144500	function	public.superadmin_create_activity_template
20260812144500	table	app_private.activity_template_create_receipts
20260813120000	function	public.meal_plan_conflicts_check
20260813120000	function	public.meal_plan_create_or_update_draft
20260813120000	function	public.meal_plan_effective_snapshot
20260813120000	function	public.meal_plan_get
20260813120000	function	public.meal_plan_json
20260813120000	function	public.meal_plan_list
20260813120000	function	public.meal_plan_publish
20260813120000	function	public.meal_plan_submit_for_review
20260813120000	table	public.meal_plans
20260820150000	function	app_private.meal_plan_scope_allowed
20260820150000	function	public.meal_plan_conflicts_check
20260820150000	function	public.meal_plan_create_or_update_draft
20260820150000	function	public.meal_plan_effective_snapshot
20260820150000	function	public.meal_plan_get
20260820150000	function	public.meal_plan_list
20260820150000	function	public.meal_plan_publish
20260820150500	function	app_private.meal_plan_scope_allowed
20260820160000	function	app_private.meal_plan_validate_target
20260820160000	function	public.meal_plan_audience_options
20260820160000	function	public.meal_plan_audience_resolve_occurrence
20260820160000	function	public.meal_plan_create_or_update_draft
20260820160000	function	public.meal_plan_json
20260820160000	function	public.meal_plan_template_get
20260820160000	function	public.meal_plan_template_list
20260820160000	function	public.meal_plan_template_save
20260820160000	table	public.meal_plan_audience_snapshots
20260820160000	table	public.meal_plan_audiences
20260820160000	table	public.meal_plan_availability
20260820160000	table	public.meal_plan_meal_items
20260820160000	table	public.meal_plan_meals
20260820160000	table	public.meal_plan_scopes
20260820160000	table	public.meal_plan_template_links
20260820160000	table	public.meal_plan_template_versions
20260820160000	table	public.meal_plan_templates
20260820171000	function	app_private.can_delete_meal_plan_image_object
20260820171000	function	app_private.can_read_meal_plan_image_object
20260820171000	function	app_private.can_upload_meal_plan_image_object
20260820171000	function	app_private.meal_plan_finalize_image_upload
20260820171000	function	app_private.meal_plan_image_asset_parent_guard
20260820171000	function	app_private.meal_plan_image_download_descriptor
20260820171000	function	app_private.meal_plan_prepare_image_upload
20260820171000	function	app_private.meal_plan_request_image_delete
20260820171000	function	public.meal_plan_finalize_image_upload
20260820171000	function	public.meal_plan_image_download_descriptor
20260820171000	function	public.meal_plan_prepare_image_upload
20260820171000	function	public.meal_plan_request_image_delete
20260820171000	table	app_private.meal_plan_image_delete_requests
20260820171000	table	app_private.meal_plan_image_upload_intents
20260820171000	table	public.meal_plan_image_assets
20260820204824	function	app_private.notice_json
20260820204824	function	public.list_notices_for_superadmin
20260820204824	function	public.save_notice_draft_for_superadmin
20260820212340	function	app_private.claim_notice_publication_jobs
20260820212340	function	app_private.dispatch_notice_publication_worker
20260820212340	function	app_private.run_notice_publication_job
20260820212340	function	public.claim_notice_publication_jobs_for_worker
20260820212340	function	public.run_notice_publication_job_for_worker
20260820220000	function	app_private.now_actor
20260820220000	function	app_private.now_audience_matches_role
20260820220000	function	app_private.now_max_video_seconds
20260820220000	function	app_private.now_viewer_has_context
20260820220000	function	public.authorize_now_asset_read
20260820220000	function	public.finalize_now_asset_upload
20260820220000	function	public.list_visible_now_publications
20260820220000	function	public.load_now_draft
20260820220000	function	public.prepare_now_asset_upload
20260820220000	function	public.publish_now
20260820220000	function	public.redeem_now_media_read_ticket
20260820220000	function	public.save_now_draft
20260820220000	table	app_private.now_media_read_tickets
20260820220000	table	app_private.now_publication_audit
20260820220000	table	public.now_media_assets
20260820220000	table	public.now_publication_audiences
20260820220000	table	public.now_publications
20260820220000	type	public.now_asset_kind
20260820220000	type	public.now_asset_status
20260820220000	type	public.now_audience_kind
20260820220000	type	public.now_publication_status
20260820220500	function	app_private.run_notice_publication_job
20260820220500	function	public.get_notice_for_superadmin
20260820220500	function	public.list_notices_for_superadmin
20260820230000	function	app_private.meal_plan_finalize_image_upload
20260820230000	function	app_private.meal_plan_image_delete_request_defaults
20260820230000	function	app_private.meal_plan_image_parent_status
20260820230000	function	app_private.meal_plan_request_hash
20260820230000	function	app_private.meal_plan_request_image_delete
20260820230000	function	public.meal_plan_archive
20260820230000	function	public.meal_plan_claim_image_cleanup
20260820230000	function	public.meal_plan_complete_image_cleanup
20260820230000	function	public.meal_plan_create_or_update_draft
20260820230000	function	public.meal_plan_publish
20260820230000	function	public.meal_plan_request_image_delete
20260820230000	function	public.meal_plan_submit_for_review
20260820230000	table	app_private.meal_plan_command_receipts
20260821112822	function	app_private.claim_stale_moments_media
20260821112822	function	app_private.mark_moments_media_deleted
20260821112822	function	app_private.moments_actor
20260821112822	function	app_private.moments_actor_for_auth_user
20260821112822	function	app_private.moments_request_fingerprint
20260821112822	function	public.authorize_moments_media_finalize
20260821112822	function	public.authorize_moments_media_read
20260821112822	function	public.claim_stale_moments_media
20260821112822	function	public.finalize_moments_media_upload
20260821112822	function	public.load_moments_draft
20260821112822	function	public.mark_moments_media_deleted
20260821112822	function	public.prepare_moments_media_upload
20260821112822	function	public.publish_moment
20260821112822	function	public.save_moments_draft
20260821112822	table	app_private.moments_command_receipts
20260821112822	table	app_private.moments_media_finalize_tickets
20260821112822	table	app_private.moments_publication_audit
20260821112822	table	public.moments_media_assets
20260821112822	table	public.moments_media_links
20260821112822	table	public.moments_publication_audiences
20260821112822	table	public.moments_publications
20260821112822	type	public.moments_audience_kind
20260821112822	type	public.moments_media_status
20260821112822	type	public.moments_publication_status
20260821130000	function	app_private.now_audience_matches_role
20260821130000	function	app_private.now_viewer_role_class
20260821130000	function	public.list_visible_now_publications
20260821130000	function	public.redeem_now_media_read_ticket
20260825171221	function	app_private.attendance_dashboard_access
20260825171221	function	app_private.attendance_dashboard_ranking_page
20260825171221	function	app_private.attendance_dashboard_read
20260825171221	function	app_private.attendance_dashboard_request_export
20260825171221	function	public.attendance_dashboard_access
20260825171221	function	public.attendance_dashboard_ranking_page
20260825171221	function	public.attendance_dashboard_read
20260825171221	function	public.attendance_dashboard_request_export
20260825174300	function	public.superadmin_fail_unit_file_job
20260825180500	function	app_private.superadmin_confirm_unit_import
20260825180500	function	app_private.superadmin_fail_unit_file_job
20260825193102	function	app_private.superadmin_activity_import_apply
20260825193102	function	app_private.superadmin_group_import_apply
20260825193105	function	app_private.superadmin_confirm_unit_identity_delete
20260825193105	function	app_private.superadmin_finalize_unit_identity_upload
20260825193109	function	app_private.superadmin_access_profile_assignment_link
20260825193109	function	app_private.superadmin_access_profile_import_confirm
20260825193112	function	app_private.superadmin_routine_correct_launch
20260825193112	function	app_private.superadmin_routine_revert_application
20260825193112	function	app_private.superadmin_routine_save_application
20260825193116	function	app_private.child_safety_decide_authorization
20260825193116	function	app_private.child_safety_edit_pending_authorization
20260825193120	function	app_private.form_authorize_file_job_download
20260825193120	function	app_private.form_list_monitor_hierarchy
20260825193120	function	app_private.form_mutate_response
20260825193120	function	app_private.form_redeem_file_job_download
20260825193120	function	app_private.form_replace_response_answers
20260825193120	function	app_private.form_save_application
20260825193120	function	app_private.validate_form_distribution_cardinality
20260825193120	function	app_private.validate_form_tenant_links
20260825193123	function	app_private.student_tracking_children
20260825193123	function	app_private.student_tracking_snapshot
20260825193128	function	public.chat_inbox_page
20260825193131	function	public.save_profile_about
20260827222000	function	app_private.reconcile_unit_import_export_function_acl
20260827233000	function	app_private.audit_append_auth_session_denial
20260827233000	function	app_private.audit_append_superadmin_internal
20260827233000	function	app_private.audit_entry_digest_v2
20260827233000	function	app_private.audit_entry_digest_v3
20260827233000	function	app_private.audit_entry_matches_digest
20260827233000	function	app_private.audit_get_event_for_superadmin
20260827233000	function	app_private.audit_guard_append_only
20260827233000	function	app_private.audit_list_events_for_superadmin
20260827233000	function	app_private.audit_materialize_export_for_worker
20260827233000	function	app_private.audit_superadmin_internal_denial_if_identified
20260827233000	function	app_private.audit_verify_entry
20260827233000	function	app_private.guard_person_auth_link_internal_realm
20260827233000	function	app_private.guard_superadmin_internal_auth_link_lifecycle
20260827233000	function	app_private.guard_superadmin_internal_auth_realm
20260827233000	function	app_private.guard_superadmin_internal_last_owner
20260827233000	function	app_private.guard_superadmin_internal_membership_lifecycle
20260827233000	function	app_private.guard_superadmin_internal_membership_scope
20260827233000	function	app_private.guard_superadmin_internal_owner_auth_link
20260827233000	function	app_private.guard_superadmin_internal_owner_role
20260827233000	function	app_private.require_superadmin_internal_context
20260827233000	function	app_private.superadmin_internal_error_envelope
20260827233000	function	public.superadmin_auth_bootstrap_context
20260827233000	function	public.superadmin_auth_resolve_institution_context
20260827233000	table	app_private.superadmin_internal_auth_links
20260827233000	table	app_private.superadmin_internal_identities
20260827233000	table	app_private.superadmin_internal_memberships
20260827233000	type	app_private.superadmin_internal_auth_link_status
20260827233000	type	app_private.superadmin_internal_context
20260827233000	type	app_private.superadmin_internal_membership_status
20260827233000	type	app_private.superadmin_internal_scope_kind
20260827234500	function	app_private.superadmin_institution_detail_payload_v2
20260827234500	function	public.superadmin_institution_detail_v2
20260827235500	function	app_private.superadmin_institution_directory_payload_v2
20260827235500	function	app_private.superadmin_institution_filter_array_v2
20260827235500	function	app_private.superadmin_institution_filter_options_payload_v2
20260827235500	function	app_private.superadmin_internal_error_envelope
20260827235500	function	public.superadmin_institution_directory_v2
20260827235500	function	public.superadmin_institution_filter_options_v2
20260828000500	function	app_private.superadmin_institution_edit_core_apply_v2
20260828000500	function	app_private.superadmin_institution_edit_core_request_hash_v2
20260828000500	function	app_private.superadmin_institution_edit_core_validate_v2
20260828000500	function	public.superadmin_institution_edit_core_v2
20260828000500	table	app_private.superadmin_internal_institution_edit_receipts
20260828002000	function	app_private.superadmin_unit_detail_payload_v2
20260828002000	function	public.superadmin_unit_detail_v2
20260828003500	function	app_private.superadmin_group_detail_payload_v2
20260828003500	function	public.superadmin_group_detail_v2
20260828005000	function	app_private.superadmin_person_detail_payload_v2
20260828005000	function	public.superadmin_person_detail_v2
20260831130726	function	app_private.assert_permission_label_replay_contract
20260831134407	function	app_private.resolve_institution_assignment_override_effect
20260831134407	function	app_private.superadmin_access_profile_assignment_link
20260831134407	function	app_private.superadmin_access_profile_capability_catalog
20260831134407	function	public.superadmin_access_profile_assignment_link
20260831134407	function	public.superadmin_access_profile_capability_catalog
20260831164937	function	app_private.assert_unit_hierarchy_contract
20260831192831	function	app_private.guard_activity_v2_actor_provenance
20260831192831	function	app_private.prevent_activity_v2_group_activity_admin
20260831192831	function	app_private.require_activity_v2_internal_marker
20260831195118	function	app_private.guard_activity_v2_actor_provenance
20260831195118	function	app_private.prevent_activity_v2_group_activity_admin
20260831195118	function	app_private.require_activity_v2_internal_marker
20260831195944	function	app_private.guard_activity_v2_actor_provenance
20260831195944	function	app_private.require_activity_v2_internal_marker
20260831203645	function	app_private.activity_v2_command_request_hash
20260831203645	function	app_private.activity_v2_error_envelope
20260831203645	table	app_private.superadmin_internal_activity_command_receipts
20260831203645	table	public.activity_admin_capability_actions
20260831211945	function	app_private.activity_v2_append_audit
20260831211945	function	app_private.activity_v2_denied_envelope
20260831211945	function	app_private.activity_v2_effective_permission
20260831211945	function	app_private.activity_v2_finish_command
20260831211945	function	app_private.activity_v2_normalize_error
20260831211945	function	app_private.activity_v2_replay_or_error
20260831211945	function	app_private.activity_v2_require_context
20260831211945	function	app_private.activity_v2_set_marker
20260831211945	function	app_private.activity_v2_success_envelope
20260831211945	function	app_private.activity_v2_validate_participants
20260831211945	function	app_private.activity_v2_validate_professionals
20260831211945	function	app_private.audit_activity_change
20260831211945	function	app_private.audit_append_superadmin_internal
20260831211945	function	app_private.audit_mask_payload
20260831211945	function	app_private.has_activity_capability
20260831211945	function	app_private.require_activity_v2_internal_marker
20260831211945	function	public.superadmin_activity_create_v2
20260831211945	function	public.superadmin_activity_detail_v2
20260831211945	function	public.superadmin_activity_directory_v2
20260831211945	function	public.superadmin_activity_form_options_v2
20260831211945	function	public.superadmin_activity_publish_v2
20260831211945	function	public.superadmin_activity_set_groups_v2
20260831211945	function	public.superadmin_activity_set_participants_v2
20260831211945	function	public.superadmin_activity_set_permissions_v2
20260831211945	function	public.superadmin_activity_set_professionals_v2
20260831211945	function	public.superadmin_activity_set_units_v2
20260831211945	function	public.superadmin_activity_update_v2
20260831234307	function	app_private.activity_v2_safe_uuid
20260831234307	function	app_private.activity_v2_validate_participants
20260831234307	function	app_private.activity_v2_validate_professionals
20260831234307	function	public.superadmin_activity_directory_v2
20260831234307	function	public.superadmin_activity_publish_v2
20260831234307	function	public.superadmin_activity_set_permissions_v2
20260901101500	function	app_private.chat_mark_read
20260901101500	function	app_private.guard_chat_message_internal_author
20260901101500	function	app_private.superadmin_chat_error
20260901101500	function	app_private.superadmin_chat_success
20260901101500	function	public.chat_inbox_page
20260901101500	function	public.chat_thread_page
20260901101500	function	public.chat_unread_total
20260901101500	function	public.superadmin_chat_inbox_v2
20260901101500	function	public.superadmin_chat_mark_read_v2
20260901101500	function	public.superadmin_chat_realtime_refresh_v2
20260901101500	function	public.superadmin_chat_send_message_v2
20260901101500	function	public.superadmin_chat_thread_v2
20260901101500	function	public.superadmin_chat_unread_total_v2
20260901101500	table	app_private.superadmin_internal_chat_command_receipts
20260901101500	table	app_private.superadmin_internal_chat_receipts
20260901124500	function	app_private.audit_superadmin_internal_denial_if_identified
20260901161700	function	public.list_my_principal_contexts
20260901165125	function	app_private.superadmin_activity_template_options
20260901165125	function	app_private.superadmin_create_scoped_activity_template
20260901165125	function	public.superadmin_create_scoped_activity_template
20260901165125	table	app_private.superadmin_internal_activity_template_create_receipts
20260901170731	function	app_private.access_profile_model_audit_success
20260901170731	function	app_private.access_profile_model_call
20260901170731	function	app_private.access_profile_model_create_internal
20260901170731	function	app_private.access_profile_model_detail
20260901170731	function	app_private.access_profile_model_error_envelope
20260901170731	function	app_private.access_profile_model_internal_can_delegate
20260901170731	function	app_private.access_profile_model_replay_internal
20260901170731	function	app_private.access_profile_model_store_receipt_internal
20260901170731	function	app_private.access_profile_require_model_action
20260901170731	function	app_private.superadmin_access_permission_catalog
20260901170731	function	app_private.superadmin_access_profile_model_create
20260901170731	function	app_private.superadmin_access_profile_model_delete
20260901170731	function	app_private.superadmin_access_profile_model_duplicate
20260901170731	function	app_private.superadmin_access_profile_model_update
20260901170731	function	app_private.superadmin_access_profile_models_cursor
20260901170731	function	app_private.superadmin_access_profile_models_export
20260901170731	function	app_private.superadmin_access_profile_models_import_confirm
20260901170731	function	app_private.superadmin_access_profile_models_import_preview
20260901170731	function	public.superadmin_access_permission_catalog
20260901170731	function	public.superadmin_access_profile_model_create
20260901170731	function	public.superadmin_access_profile_model_delete
20260901170731	function	public.superadmin_access_profile_model_detail
20260901170731	function	public.superadmin_access_profile_model_duplicate
20260901170731	function	public.superadmin_access_profile_model_update
20260901170731	function	public.superadmin_access_profile_models_cursor
20260901170731	function	public.superadmin_access_profile_models_export
20260901170731	function	public.superadmin_access_profile_models_import_confirm
20260901170731	function	public.superadmin_access_profile_models_import_preview
20260901170731	table	app_private.access_profile_model_command_receipts
20260901182838	function	app_private.assessment_v2_activate_configuration
20260901182838	function	app_private.assessment_v2_configuration_snapshot
20260901182838	function	app_private.assessment_v2_denied
20260901182838	function	app_private.assessment_v2_error
20260901182838	function	app_private.assessment_v2_finish
20260901182838	function	app_private.assessment_v2_gradebook_snapshot
20260901182838	function	app_private.assessment_v2_hash
20260901182838	function	app_private.assessment_v2_initial_students
20260901182838	function	app_private.assessment_v2_ok
20260901182838	function	app_private.assessment_v2_replay
20260901182838	function	app_private.assessment_v2_require_context
20260901182838	function	app_private.assessment_v2_save_configuration
20260901182838	function	app_private.assessment_v2_save_gradebook
20260901182838	function	app_private.assessment_v2_transition_gradebook
20260901182838	function	app_private.assessment_v2_validate_students
20260901182838	function	public.superadmin_assessment_activate_configuration
20260901182838	function	public.superadmin_assessment_closing_queue
20260901182838	function	public.superadmin_assessment_configuration_read
20260901182838	function	public.superadmin_assessment_context_options
20260901182838	function	public.superadmin_assessment_gradebook_read
20260901182838	function	public.superadmin_assessment_publish_gradebook
20260901182838	function	public.superadmin_assessment_return_gradebook
20260901182838	function	public.superadmin_assessment_review_gradebook
20260901182838	function	public.superadmin_assessment_save_configuration
20260901182838	function	public.superadmin_assessment_save_gradebook
20260901182838	function	public.superadmin_assessment_schedule_publication
20260901182838	function	public.superadmin_assessment_submit_gradebook
20260901182838	table	app_private.superadmin_internal_assessment_command_receipts
20260901182838	table	app_private.superadmin_internal_assessment_events
20260901182838	table	public.activity_assessment_configurations
20260901182838	table	public.assessment_categories
20260901182838	table	public.assessment_competencies
20260901182838	table	public.assessment_configuration_competencies
20260901182838	table	public.assessment_gradebooks
20260901182838	table	public.assessment_instruments
20260901182838	table	public.assessment_periods
20260901182838	table	public.assessment_scale_concepts
20260901185008	function	app_private.superadmin_notice_append_audit
20260901185008	function	app_private.superadmin_notice_context
20260901185008	function	app_private.superadmin_notice_denied
20260901185008	function	app_private.superadmin_notice_error
20260901185008	function	app_private.superadmin_notice_guard_transition
20260901185008	function	app_private.superadmin_notice_json
20260901185008	function	app_private.superadmin_notice_refresh_lifecycle
20260901185008	function	app_private.superadmin_notice_validate_payload
20260901185008	function	public.superadmin_notice_audience_options_v2
20260901185008	function	public.superadmin_notice_change_status_v2
20260901185008	function	public.superadmin_notice_detail_v2
20260901185008	function	public.superadmin_notice_directory_v2
20260901185008	function	public.superadmin_notice_publish_v2
20260901185008	function	public.superadmin_notice_save_draft_v2
20260901185008	table	analytics.notice_events
20260901185008	table	app_private.superadmin_notice_command_receipts
20260901190432	function	app_private.superadmin_invite_directory_payload_v2
20260901190432	function	app_private.superadmin_invite_error_envelope_v2
20260901190432	function	app_private.superadmin_invite_options_payload_v2
20260901190432	function	app_private.superadmin_invite_payload_v2
20260901190432	function	public.superadmin_invite_detail_v2
20260901190432	function	public.superadmin_invite_directory_v2
20260901190432	function	public.superadmin_invite_issue_v2
20260901190432	function	public.superadmin_invite_options_v2
20260901190432	function	public.superadmin_invite_resend_v2
20260901190432	function	public.superadmin_invite_revoke_v2
20260901190432	table	app_private.superadmin_internal_invite_receipts
20260901191921	function	app_private.superadmin_circular_audit
20260901191921	function	app_private.superadmin_circular_context
20260901191921	function	app_private.superadmin_circular_denied
20260901191921	function	app_private.superadmin_circular_draft_json
20260901191921	function	app_private.superadmin_circular_error
20260901191921	function	app_private.superadmin_circular_validate_scope
20260901191921	function	public.superadmin_circular_close_v2
20260901191921	function	public.superadmin_circular_detail_v2
20260901191921	function	public.superadmin_circular_directory_v2
20260901191921	function	public.superadmin_circular_load_draft_v2
20260901191921	function	public.superadmin_circular_publish_v2
20260901191921	function	public.superadmin_circular_response_summary_v2
20260901191921	function	public.superadmin_circular_save_draft_v2
20260901191921	table	app_private.superadmin_circular_command_receipts
20260901193000	function	public.superadmin_access_profile_model_create
20260901193000	function	public.superadmin_access_profile_model_delete
20260901193000	function	public.superadmin_access_profile_model_detail
20260901193000	function	public.superadmin_access_profile_model_duplicate
20260901193000	function	public.superadmin_access_profile_model_update
20260901193000	function	public.superadmin_access_profile_models_cursor
20260901193000	function	public.superadmin_access_profile_models_export
20260901193000	function	public.superadmin_access_profile_models_import_confirm
20260901193000	function	public.superadmin_access_profile_models_import_preview
20260901210000	function	app_private.superadmin_internal_user_denial_code
20260901210000	function	app_private.superadmin_internal_user_error_envelope
20260901210000	function	app_private.superadmin_internal_user_projection
20260901210000	function	app_private.superadmin_internal_user_target_allowed
20260901210000	function	public.superadmin_internal_user_change_status
20260901210000	function	public.superadmin_internal_user_detail
20260901210000	function	public.superadmin_internal_user_profiles
20260901210000	function	public.superadmin_internal_user_update
20260901210000	function	public.superadmin_internal_users_list
20260901210000	table	app_private.superadmin_internal_membership_scopes
20260901210000	table	app_private.superadmin_internal_profiles
20260901210000	table	app_private.superadmin_internal_user_command_receipts
20260907222911	function	public.superadmin_activity_directory_v2
20260907222911	function	public.superadmin_activity_filter_options_v2
20260908000049	function	app_private.superadmin_forms_directory_v2
20260908000049	function	public.superadmin_forms_directory_v2
20260908021644	function	app_private.superadmin_internal_user_projection
20260908021644	function	public.superadmin_internal_users_list
20260908021821	function	app_private.access_profile_model_call
20260908021821	function	app_private.access_profile_model_detail
20260908021821	function	app_private.access_profile_require_any_model_read
20260908030000	function	app_private.form_anonymous_participation_lookup
20260908030000	function	app_private.form_archive_or_delete
20260908030000	function	app_private.form_clone
20260908030000	function	app_private.form_copy_or_move
20260908030000	function	app_private.form_duplicate
20260908030000	function	app_private.form_get_editor
20260908030000	function	app_private.form_get_monitor
20260908030000	function	app_private.form_get_overview
20260908030000	function	app_private.form_list
20260908030000	function	app_private.form_list_monitor_hierarchy
20260908030000	function	app_private.form_list_monitor_people
20260908030000	function	app_private.form_publish
20260908030000	function	app_private.form_remove_schedule
20260908030000	function	app_private.form_request_export
20260908030000	function	app_private.form_save_application
20260908030000	function	app_private.form_save_draft
20260908030000	function	app_private.form_save_schedule
20260908030000	function	app_private.superadmin_form_assert_legacy_resource_v2
20260908030000	function	app_private.superadmin_form_is_internal_draft_v2
20260908030000	function	app_private.superadmin_form_lock_legacy_resource_v2
20260908030000	function	app_private.superadmin_form_replace_draft_definition_v2
20260908030000	function	app_private.superadmin_form_validate_draft_definition_v2
20260908030000	function	app_private.superadmin_form_validate_draft_payload_v2
20260908030000	function	app_private.superadmin_forms_editor_v2
20260908030000	function	app_private.superadmin_forms_save_draft_v2
20260908030000	function	public.form_save_application
20260908030000	function	public.form_save_schedule
20260908030000	function	public.superadmin_forms_editor_v2
20260908030000	function	public.superadmin_forms_save_draft_v2
20260908030000	table	app_private.superadmin_internal_form_draft_receipts
20260908031000	function	app_private.superadmin_create_activity_locations
20260908031000	function	app_private.superadmin_location_normalize_v2
20260908031000	function	app_private.superadmin_location_owner_v2
20260908031000	function	app_private.superadmin_location_payload_v2
20260908031000	function	public.superadmin_location_create_v2
20260908031000	function	public.superadmin_location_detail_v2
20260908031000	function	public.superadmin_location_directory_v2
20260908031000	table	app_private.superadmin_location_create_receipts
20260908032100	function	app_private.superadmin_forms_authoring_institutions_v2
20260908032100	function	app_private.superadmin_forms_editor_v2
20260908032100	function	public.superadmin_forms_authoring_institutions_v2
20260908051500	function	public.superadmin_child_context_directory_v2
20260908054000	function	app_private.block_published_form_definition_mutation
20260908054000	function	app_private.form_assert_distribution_target
20260908154257	function	public.superadmin_activity_save_v2
20260908154257	table	app_private.superadmin_internal_activity_save_receipts
20260908160000	function	app_private.private_media_catalog_asset_guard_v1
20260908160000	function	app_private.private_media_catalog_child_guard_v1
20260908160000	function	app_private.private_media_catalog_complete_v1
20260908160000	function	app_private.private_media_catalog_key_v1
20260908160000	table	public.media_bindings
20260908160000	table	public.media_variants
20260908170000	function	app_private.form_claim_worker_job
20260908170000	function	app_private.form_redeem_xlsx_download_r2_v1
20260908170000	function	app_private.form_worker_begin_xlsx_r2_v1
20260908170000	function	app_private.form_worker_cleanup_snapshot
20260908170000	function	app_private.form_worker_complete_cleanup
20260908170000	function	app_private.form_worker_complete_xlsx_r2_v1
20260908170000	function	app_private.form_worker_multipart_xlsx_r2_v1
20260908170000	function	app_private.form_worker_reconcile_xlsx_r2_v1
20260908170000	function	app_private.form_worker_xlsx_snapshot_r2_v1
20260908170000	function	app_private.forms_xlsx_asset_guard_v1
20260908170000	function	app_private.forms_xlsx_complete_guard_v1
20260908170000	function	app_private.forms_xlsx_context_from_session_v1
20260908170000	function	app_private.forms_xlsx_job_guard_v1
20260908170000	function	app_private.forms_xlsx_multipart_binding_v1
20260908170000	function	app_private.forms_xlsx_multipart_projection_v1
20260908170000	function	app_private.forms_xlsx_snapshot_guard_v1
20260908170000	function	app_private.forms_xlsx_token_guard_v1
20260908170000	function	app_private.forms_xlsx_worker_job_v1
20260908170000	function	app_private.private_media_catalog_key_v1
20260908170000	function	app_private.superadmin_form_authorize_xlsx_download_v2
20260908170000	function	app_private.superadmin_form_request_xlsx_v2
20260908170000	function	public.form_redeem_xlsx_download_r2_v1
20260908170000	function	public.form_worker_begin_xlsx_r2_v1
20260908170000	function	public.form_worker_complete_xlsx_r2_v1
20260908170000	function	public.form_worker_multipart_xlsx_r2_v1
20260908170000	function	public.form_worker_reconcile_xlsx_r2_v1
20260908170000	function	public.form_worker_xlsx_snapshot_r2_v1
20260908170000	function	public.superadmin_form_authorize_xlsx_download_v2
20260908170000	function	public.superadmin_form_request_xlsx_v2
20260908170000	table	app_private.form_xlsx_snapshot_rows
20260908182839	function	app_private.access_profile_require_model_action
20260908190646	function	app_private.superadmin_location_locked_v2
20260908190646	function	app_private.superadmin_location_name_available_v2
20260908190646	function	public.superadmin_location_set_status_v2
20260908190646	function	public.superadmin_location_update_v2
20260908190646	table	app_private.superadmin_location_write_receipts
20260908190648	function	public.superadmin_location_copy_v2
20260908190648	table	app_private.superadmin_location_copy_lineage
20260908190650	function	app_private.superadmin_location_schedule_normalize_v2
20260908190650	function	app_private.superadmin_location_schedule_payload_v2
20260908190650	function	public.superadmin_location_schedule_set_v2
20260908190650	function	public.superadmin_location_schedule_v2
20260908190650	table	public.activity_location_schedules
20260908191327	function	app_private.form_mutate_response
20260908195512	function	app_private.superadmin_forms_operations_read_v2
20260908195512	function	public.superadmin_forms_file_jobs_v2
20260908195512	function	public.superadmin_forms_monitor_v2
20260908195512	function	public.superadmin_forms_response_detail_v2
20260908195512	function	public.superadmin_forms_responses_v2
20260908215522	function	app_private.form_redeem_media_read_r2_v1
20260908215522	function	app_private.forms_answer_media_descriptor_v1
20260908215522	function	app_private.forms_media_read_context_v1
20260908215522	function	app_private.forms_media_read_token_immutable_v1
20260908215522	function	app_private.superadmin_form_authorize_media_read_v2
20260908215522	function	public.form_redeem_media_read_r2_v1
20260908215522	function	public.superadmin_form_authorize_media_read_v2
20260908215522	table	app_private.form_media_read_tokens
20260908235110	function	public.superadmin_activity_set_groups_v2
20260908235110	function	public.superadmin_activity_set_units_v2
20260909165000	function	app_private.location_reservation_command_v2
20260909165000	function	app_private.location_reservation_consumer_v2
20260909165000	function	app_private.location_reservation_normalize_v2
20260909165000	function	app_private.location_reservation_payload_v2
20260909165000	function	public.superadmin_location_reservation_assess_v2
20260909165000	function	public.superadmin_location_reservation_cancel_v2
20260909165000	function	public.superadmin_location_reservation_create_v2
20260909165000	function	public.superadmin_location_reservations_v2
20260909165000	function	public.superadmin_location_scheduling_policy_set_v2
20260909165000	function	public.superadmin_location_scheduling_policy_v2
20260909165000	table	app_private.location_reservation_receipts
20260909165000	table	public.location_bindings
20260909165000	table	public.location_reservation_occurrences
20260909165000	table	public.location_reservations
20260909165000	table	public.location_scheduling_policies
20260909173000	function	app_private.require_superadmin_internal_context
20260909173100	function	public.superadmin_auth_bootstrap_context
20260909173100	function	public.superadmin_auth_resolve_institution_context
20260909174500	function	app_private.superadmin_access_profile_models_cursor
20260909190000	function	app_private.audit_get_event_for_superadmin
20260909190000	function	app_private.audit_internal_error_envelope_v2
20260909190000	function	app_private.audit_list_events_for_superadmin
20260909190000	function	app_private.audit_validate_internal_list_filters_v2
20260909190000	function	public.audit_get_event_for_superadmin
20260909190000	function	public.audit_list_events_for_superadmin
20260909191000	function	app_private.superadmin_chat_error
20260909191000	function	app_private.superadmin_chat_message_receipt
20260909191000	function	public.superadmin_chat_edit_message_v2
20260909191000	function	public.superadmin_chat_revoke_message_v2
20260909191000	function	public.superadmin_chat_thread_v2
20260909191000	table	app_private.superadmin_internal_chat_message_edits
20260909191100	function	app_private.superadmin_notice_json
20260909192000	function	app_private.location_binding_consumer_context_v2
20260909192000	function	public.superadmin_location_consumer_bindings_v2
20260909193000	function	app_private.d04_child_safety_directory_data_v2
20260909193000	function	app_private.d04_child_safety_get_data_v2
20260909193000	function	app_private.d04_child_safety_internal_read_v2
20260909193000	function	app_private.d04_child_safety_search_children_data_v2
20260909193000	function	public.superadmin_child_safety_directory_v2
20260909193000	function	public.superadmin_child_safety_get_v2
20260909193000	function	public.superadmin_child_safety_search_children_v2
20260909200000	function	app_private.activity_location_authorize_v2
20260909200000	function	public.superadmin_activity_location_create_v2
20260909200000	function	public.superadmin_activity_location_selection_v2
20260909200000	table	app_private.activity_location_create_receipts
20260909200000	table	public.activity_location_selections
20260909210000	function	app_private.group_location_authorize_v2
20260909210000	function	app_private.group_location_reservation_request_v2
20260909210000	function	public.superadmin_group_location_create_v2
20260909210000	function	public.superadmin_group_location_selection_v2
20260909210000	table	app_private.group_location_create_receipts
20260909210000	table	public.group_location_selections
20260909211000	function	app_private.sweep_expired_now_publications
20260909211000	function	public.expire_due_now_publications
20260909211000	function	public.list_visible_now_publications
20260909211000	function	public.redeem_now_media_read_ticket
20260909212000	function	app_private.claim_stale_circular_media
20260909212000	function	public.authorize_circular_media_read
20260909212000	function	public.claim_stale_circular_media
20260909212000	function	public.finalize_circular_media_upload
20260909212000	function	public.prepare_circular_media_upload
20260909212000	function	public.remove_circular_media
20260909213000	function	public.list_visible_happens_posts
20260909213000	function	public.withdraw_happens_post
20260909214000	function	public.list_visible_happens_feed
20260909215000	function	app_private.private_media_catalog_asset_guard_v1
20260909215000	function	app_private.private_media_catalog_key_v1
20260909216000	function	app_private.moments_audience_matches_role
20260909216000	function	public.authorize_moments_media_read
20260909216000	function	public.list_visible_moments
20260909216000	function	public.withdraw_moment
